Sales,Units Sold,Discount,Date_year,Date_month,Date_day,Date_dayofweek,Product_B,Product_C,Product_D,Product_E,Region_North,Region_South,Region_West,Category_Electronics,Category_Furniture,Category_Grocery
0.07472192792585851,0.26024098180282684,1.5501342503220337,2022,1,1,5,1.0,0.0,0.0,0.0,0.0,0.0,0.0,0.0,0.0,1.0
0.7211032809369561,0.9847426015211647,0.29910880985670957,2022,1,2,6,0.0,0.0,0.0,0.0,0.0,1.0,0.0,1.0,0.0,0.0
1.0503409515334274,1.3832184923662505,-1.4068349725960054,2022,1,3,0,0.0,1.0,0.0,0.0,1.0,0.0,0.0,0.0,0.0,0.0
-0.8052617683683413,-0.7540612858028461,0.5265679808504051,2022,1,4,1,1.0,0.0,0.0,0.0,1.0,0.0,0.0,0.0,0.0,1.0
-0.9710394971165078,-1.5510130674930178,0.7540271518441003,2022,1,5,2,0.0,0.0,0.0,0.0,1.0,0.0,0.0,0.0,0.0,1.0
1.0744115370411769,-0.24691015200000963,-1.7480237290865484,2022,1,6,3,0.0,0.0,0.0,1.0,0.0,0.0,1.0,0.0,0.0,0.0
-0.8140114821658163,-0.8627365287605968,0.4128383953535573,2022,1,7,4,0.0,0.0,0.0,1.0,0.0,1.0,0.0,0.0,1.0,0.0
-0.48879786091021177,-0.8265114477746799,-1.7480237290865484,2022,1,8,5,0.0,0.0,0.0,0.0,0.0,1.0,0.0,0.0,1.0,0.0
0.9911677700793646,0.15156573884507618,0.07164963886301434,2022,1,9,6,1.0,0.0,0.0,0.0,0.0,1.0,0.0,0.0,1.0,0.0
-0.7378193566201905,1.7092442212395025,1.5501342503220337,2022,1,10,0,0.0,0.0,1.0,0.0,1.0,0.0,0.0,0.0,0.0,1.0
2.2936329668460917,0.6224917916619958,-1.4068349725960054,2022,1,11,1,1.0,0.0,0.0,0.0,0.0,0.0,1.0,1.0,0.0,0.0
-0.2088752698886511,0.22401590081690997,-0.496998288621224,2022,1,12,2,1.0,0.0,0.0,0.0,0.0,1.0,0.0,1.0,0.0,0.0
-0.9807692880600962,-1.5147879865071008,1.208945493831491,2022,1,13,3,1.0,0.0,0.0,0.0,1.0,0.0,0.0,0.0,0.0,0.0
-1.025929277338671,-0.8627365287605968,-0.15580953213068088,2022,1,14,4,0.0,0.0,1.0,0.0,0.0,0.0,1.0,1.0,0.0,0.0
-1.14823962914974,-1.478562905521184,1.4364046648251867,2022,1,15,5,1.0,0.0,0.0,0.0,0.0,0.0,0.0,0.0,0.0,0.0
-0.6910923359157967,-1.2974375005915995,-1.7480237290865484,2022,1,16,6,0.0,1.0,0.0,0.0,0.0,1.0,0.0,1.0,0.0,0.0
3.217062199918144,1.4194435733521673,-0.9519166306086146,2022,1,17,0,0.0,1.0,0.0,0.0,0.0,0.0,1.0,0.0,0.0,1.0
-0.8989833517278788,0.9485175205352478,0.29910880985670957,2022,1,18,1,0.0,0.0,1.0,0.0,0.0,0.0,1.0,0.0,1.0,0.0
0.006018246981316725,0.0791155768732424,-1.17937580160231,2022,1,19,2,0.0,0.0,1.0,0.0,0.0,0.0,0.0,0.0,0.0,1.0
0.2783377325657579,-0.3193603139718434,-1.17937580160231,2022,1,20,3,0.0,1.0,0.0,0.0,0.0,1.0,0.0,1.0,0.0,0.0
-1.0946274982434014,-1.5510130674930178,-0.26953911762752863,2022,1,21,4,0.0,0.0,1.0,0.0,0.0,0.0,0.0,0.0,0.0,0.0
-0.8661958126615216,-1.478562905521184,-1.0656462161054623,2022,1,22,5,0.0,1.0,0.0,0.0,0.0,1.0,0.0,0.0,0.0,0.0
3.2584875219658467,1.6367940592676686,-0.26953911762752863,2022,1,23,6,1.0,0.0,0.0,0.0,1.0,0.0,0.0,1.0,0.0,0.0
-1.0924161821198588,-1.116312095662015,0.7540271518441003,2022,1,24,0,1.0,0.0,0.0,0.0,0.0,0.0,1.0,0.0,0.0,1.0
2.2425652144917807,0.9847426015211647,0.18537922435986212,2022,1,25,1,1.0,0.0,0.0,0.0,0.0,1.0,0.0,1.0,0.0,0.0
-0.36458195520502806,-0.17445999002817583,1.0952159083346433,2022,1,26,2,0.0,0.0,1.0,0.0,0.0,0.0,0.0,1.0,0.0,0.0
1.3293353357870814,0.29646606278874377,0.29910880985670957,2022,1,27,3,0.0,0.0,1.0,0.0,0.0,0.0,0.0,1.0,0.0,0.0
-0.5807176311320477,-0.13823490904225894,-0.7244574596149194,2022,1,28,4,0.0,0.0,1.0,0.0,0.0,1.0,0.0,0.0,0.0,1.0
-0.8453384605826731,0.7311670346197464,-1.7480237290865484,2022,1,29,5,0.0,0.0,0.0,1.0,1.0,0.0,0.0,0.0,0.0,0.0
2.0204180347326113,1.564343897295835,-0.3832687031243764,2022,1,30,6,0.0,0.0,0.0,0.0,0.0,1.0,0.0,0.0,0.0,1.0
1.076049548984542,1.564343897295835,-1.7480237290865484,2022,1,31,0,0.0,0.0,1.0,0.0,0.0,0.0,1.0,0.0,0.0,1.0
-1.0770843903299618,-1.3336625815775163,0.7540271518441003,2022,2,1,1,0.0,1.0,0.0,0.0,1.0,0.0,0.0,0.0,0.0,0.0
-1.0959542879175272,-1.4423378245352672,1.4364046648251867,2022,2,2,2,0.0,0.0,0.0,1.0,0.0,1.0,0.0,1.0,0.0,0.0
-0.6607672748042982,-0.6091609618591786,1.208945493831491,2022,2,3,3,0.0,0.0,0.0,0.0,1.0,0.0,0.0,0.0,0.0,1.0
-0.9603268990069003,-1.1887622576338488,-0.6107278741180716,2022,2,4,4,0.0,0.0,1.0,0.0,0.0,0.0,0.0,0.0,0.0,1.0
-0.9131521550379866,-0.790286366788763,0.5265679808504051,2022,2,5,5,1.0,0.0,0.0,0.0,1.0,0.0,0.0,0.0,0.0,1.0
-0.7173769675669945,-0.029559666084508274,0.4128383953535573,2022,2,6,6,0.0,0.0,1.0,0.0,0.0,0.0,1.0,0.0,0.0,0.0
1.9003626793635748,0.7311670346197464,-0.496998288621224,2022,2,7,0,0.0,0.0,0.0,0.0,1.0,0.0,0.0,0.0,1.0,0.0
-0.9493522189863544,1.202093087436666,1.0952159083346433,2022,2,8,1,0.0,0.0,0.0,0.0,0.0,0.0,0.0,0.0,0.0,0.0
2.4193340033799267,1.6367940592676686,-0.9519166306086146,2022,2,9,2,0.0,0.0,0.0,0.0,0.0,1.0,0.0,0.0,0.0,0.0
-1.0137916088383359,-0.6453860428450954,0.07164963886301434,2022,2,10,3,0.0,0.0,0.0,1.0,0.0,1.0,0.0,0.0,0.0,1.0
3.59183933256007,1.6367940592676686,-1.6342941435897005,2022,2,11,4,1.0,0.0,0.0,0.0,0.0,1.0,0.0,0.0,0.0,1.0
-0.3699027640010588,0.6587168726479127,1.3226750793283388,2022,2,12,5,0.0,1.0,0.0,0.0,0.0,0.0,1.0,0.0,1.0,0.0
-0.9293138728791884,-1.478562905521184,1.3226750793283388,2022,2,13,6,0.0,0.0,0.0,0.0,0.0,1.0,0.0,0.0,0.0,0.0
-1.0046760723735093,-1.0800870146760981,0.867756737340948,2022,2,14,0,1.0,0.0,0.0,0.0,0.0,0.0,0.0,1.0,0.0,0.0
-0.29295715296148517,-1.152537176647932,-1.520564558092853,2022,2,15,1,0.0,0.0,0.0,0.0,0.0,0.0,0.0,1.0,0.0,0.0
2.0701589974127965,1.4918937353240012,1.208945493831491,2022,2,16,2,0.0,0.0,1.0,0.0,0.0,0.0,1.0,0.0,0.0,1.0
0.5563547696932039,0.006665414901408618,-0.7244574596149194,2022,2,17,3,0.0,0.0,0.0,1.0,0.0,1.0,0.0,0.0,0.0,1.0
-0.8325182871059359,-0.6091609618591786,0.9814863228377956,2022,2,18,4,0.0,0.0,0.0,1.0,0.0,1.0,0.0,1.0,0.0,0.0
0.28875548852555966,1.4194435733521673,1.3226750793283388,2022,2,19,5,0.0,1.0,0.0,0.0,1.0,0.0,0.0,0.0,1.0,0.0
3.4573257917709315,1.7092442212395025,-0.496998288621224,2022,2,20,6,0.0,0.0,0.0,0.0,0.0,0.0,0.0,0.0,0.0,0.0
-0.9317845408937642,-1.5872381484789346,-0.9519166306086146,2022,2,21,0,0.0,0.0,0.0,0.0,1.0,0.0,0.0,0.0,0.0,1.0
0.6483318703330575,1.1658680064507492,1.208945493831491,2022,2,22,1,1.0,0.0,0.0,0.0,0.0,0.0,0.0,0.0,0.0,0.0
1.3226795472572077,0.9122924395493309,-0.04207994663383342,2022,2,23,2,1.0,0.0,0.0,0.0,0.0,0.0,0.0,0.0,1.0,0.0
-0.17899520202176672,0.6224917916619958,-0.9519166306086146,2022,2,24,3,1.0,0.0,0.0,0.0,0.0,0.0,0.0,1.0,0.0,0.0
-0.35570393047198945,-0.029559666084508274,-0.9519166306086146,2022,2,25,4,0.0,0.0,1.0,0.0,0.0,0.0,0.0,0.0,0.0,1.0
0.3758977239125808,-0.464260637915511,0.07164963886301434,2022,2,26,5,1.0,0.0,0.0,0.0,0.0,0.0,0.0,0.0,0.0,0.0
-0.4040416629206923,0.6224917916619958,1.5501342503220337,2022,2,27,6,1.0,0.0,0.0,0.0,0.0,1.0,0.0,0.0,1.0,0.0
-0.6258230200125102,-1.1887622576338488,-0.838187045111767,2022,2,28,0,1.0,0.0,0.0,0.0,0.0,0.0,1.0,0.0,1.0,0.0
-0.9722461659147867,-1.5147879865071008,-0.7244574596149194,2022,3,1,1,0.0,0.0,1.0,0.0,1.0,0.0,0.0,0.0,0.0,1.0
0.7939838923370788,0.40514130574649443,-1.6342941435897005,2022,3,2,2,0.0,1.0,0.0,0.0,0.0,0.0,1.0,0.0,0.0,0.0
-1.0966913932920415,-1.5510130674930178,-0.04207994663383342,2022,3,3,3,1.0,0.0,0.0,0.0,0.0,0.0,1.0,0.0,0.0,0.0
1.969683344806784,1.528118816309918,-0.838187045111767,2022,3,4,4,0.0,1.0,0.0,0.0,0.0,1.0,0.0,1.0,0.0,0.0
-0.8729662620274304,-0.9351866907324305,0.5265679808504051,2022,3,5,5,0.0,1.0,0.0,0.0,0.0,0.0,0.0,1.0,0.0,0.0
0.7422882354044773,-0.029559666084508274,-0.26953911762752863,2022,3,6,6,0.0,0.0,0.0,0.0,0.0,0.0,0.0,0.0,1.0,0.0
2.5333560147575684,0.8398422775774971,-1.520564558092853,2022,3,7,0,0.0,0.0,0.0,0.0,0.0,1.0,0.0,1.0,0.0,0.0
-1.0368384368814823,-1.0076368527042643,0.7540271518441003,2022,3,8,1,0.0,0.0,1.0,0.0,0.0,1.0,0.0,0.0,1.0,0.0
1.2046990070164338,0.876067358563414,0.4128383953535573,2022,3,9,2,0.0,0.0,1.0,0.0,0.0,0.0,0.0,1.0,0.0,0.0
-0.6397679616903581,-1.0438619336901813,1.0952159083346433,2022,3,10,3,0.0,0.0,0.0,0.0,0.0,0.0,0.0,0.0,0.0,0.0
0.4646452110040997,0.5138165487042451,-1.0656462161054623,2022,3,11,4,0.0,0.0,0.0,0.0,0.0,0.0,0.0,0.0,0.0,0.0
-0.8772687733986694,-1.5147879865071008,0.29910880985670957,2022,3,12,5,1.0,0.0,0.0,0.0,0.0,0.0,0.0,0.0,0.0,0.0
0.5191254882404217,-0.3193603139718434,-1.7480237290865484,2022,3,13,6,1.0,0.0,0.0,0.0,1.0,0.0,0.0,0.0,0.0,0.0
-0.86067025237257,-0.8989616097465136,0.4128383953535573,2022,3,14,0,1.0,0.0,0.0,0.0,0.0,0.0,1.0,0.0,0.0,1.0
-0.7577375818515096,-0.4280355569295941,-0.3832687031243764,2022,3,15,1,0.0,1.0,0.0,0.0,0.0,0.0,1.0,1.0,0.0,0.0
-0.8322343650357527,1.3469934113803337,1.0952159083346433,2022,3,16,2,0.0,0.0,1.0,0.0,0.0,0.0,1.0,0.0,1.0,0.0
2.6383198200884013,1.7092442212395025,0.7540271518441003,2022,3,17,3,0.0,0.0,1.0,0.0,0.0,0.0,1.0,0.0,0.0,0.0
-0.8686309904173242,-0.790286366788763,0.07164963886301434,2022,3,18,4,0.0,1.0,0.0,0.0,0.0,1.0,0.0,0.0,1.0,0.0
-0.9465675986826338,-1.3698876625634333,0.5265679808504051,2022,3,19,5,1.0,0.0,0.0,0.0,0.0,0.0,1.0,0.0,1.0,0.0
1.0338543613234579,0.550041629690162,-0.838187045111767,2022,3,20,6,0.0,1.0,0.0,0.0,0.0,1.0,0.0,1.0,0.0,0.0
-0.7207621922499492,0.1153406578591593,1.5501342503220337,2022,3,21,0,0.0,0.0,1.0,0.0,0.0,1.0,0.0,1.0,0.0,0.0
-1.041113648053665,-0.464260637915511,0.4128383953535573,2022,3,22,1,0.0,0.0,0.0,1.0,0.0,0.0,1.0,0.0,1.0,0.0
-0.49873513336662645,-0.9351866907324305,0.7540271518441003,2022,3,23,2,1.0,0.0,0.0,0.0,0.0,1.0,0.0,0.0,0.0,1.0
-0.5674005940324898,-0.8989616097465136,1.3226750793283388,2022,3,24,3,0.0,0.0,0.0,0.0,1.0,0.0,0.0,1.0,0.0,0.0
-0.4971298816621287,-0.4280355569295941,0.4128383953535573,2022,3,25,4,0.0,0.0,0.0,1.0,0.0,0.0,0.0,0.0,0.0,1.0
0.5974442992925164,0.9847426015211647,0.9814863228377956,2022,3,26,5,1.0,0.0,0.0,0.0,0.0,0.0,1.0,1.0,0.0,0.0
1.228340979399003,1.4194435733521673,0.18537922435986212,2022,3,27,6,1.0,0.0,0.0,0.0,1.0,0.0,0.0,1.0,0.0,0.0
0.8873505731088872,1.6005689782817518,0.5265679808504051,2022,3,28,0,0.0,0.0,0.0,0.0,0.0,0.0,0.0,0.0,1.0,0.0
-0.6651844470115725,-0.9714117717183475,-1.17937580160231,2022,3,29,1,1.0,0.0,0.0,0.0,0.0,0.0,1.0,0.0,0.0,1.0
1.804801062587657,0.7673921156056633,0.6402975663472525,2022,3,30,2,0.0,0.0,0.0,0.0,1.0,0.0,0.0,0.0,0.0,1.0
-0.2857526304305846,-0.13823490904225894,-1.17937580160231,2022,3,31,3,1.0,0.0,0.0,0.0,0.0,1.0,0.0,0.0,1.0,0.0
-0.6950099144803447,-0.4280355569295941,-0.04207994663383342,2022,4,1,4,0.0,0.0,1.0,0.0,1.0,0.0,0.0,1.0,0.0,0.0
-0.33886516769419667,-0.8989616097465136,-0.496998288621224,2022,4,2,5,1.0,0.0,0.0,0.0,0.0,0.0,0.0,0.0,0.0,0.0
-0.8635040130345916,-1.3698876625634333,0.7540271518441003,2022,4,3,6,0.0,1.0,0.0,0.0,0.0,1.0,0.0,0.0,0.0,1.0
0.4786338330004375,-0.4280355569295941,0.07164963886301434,2022,4,4,0,0.0,1.0,0.0,0.0,0.0,1.0,0.0,1.0,0.0,0.0
2.5905553918198763,1.4918937353240012,-0.838187045111767,2022,4,5,1,1.0,0.0,0.0,0.0,0.0,0.0,0.0,0.0,0.0,0.0
-0.6959517713477797,-0.24691015200000963,1.5501342503220337,2022,4,6,2,0.0,0.0,1.0,0.0,0.0,0.0,1.0,0.0,0.0,0.0
-0.7682863787667807,0.33269114377466064,1.3226750793283388,2022,4,7,3,0.0,0.0,1.0,0.0,0.0,1.0,0.0,0.0,0.0,1.0
-0.9697591177807774,-0.8627365287605968,-0.04207994663383342,2022,4,8,4,0.0,1.0,0.0,0.0,1.0,0.0,0.0,0.0,0.0,0.0
-0.22278472130772603,0.6949419536338296,1.208945493831491,2022,4,9,5,0.0,0.0,0.0,1.0,1.0,0.0,0.0,0.0,1.0,0.0
-0.6097486628082878,0.1153406578591593,-0.838187045111767,2022,4,10,6,0.0,0.0,0.0,0.0,0.0,0.0,1.0,1.0,0.0,0.0
-0.793446242216868,0.6949419536338296,0.4128383953535573,2022,4,11,0,0.0,0.0,0.0,1.0,0.0,0.0,0.0,0.0,0.0,0.0
-0.6654847492011895,-0.029559666084508274,1.4364046648251867,2022,4,12,1,0.0,0.0,0.0,0.0,1.0,0.0,0.0,0.0,0.0,1.0
-1.0726399179236312,-1.4061127435493501,-0.496998288621224,2022,4,13,2,0.0,0.0,0.0,0.0,0.0,1.0,0.0,0.0,0.0,1.0
-0.8060261739419117,-0.7540612858028461,-0.6107278741180716,2022,4,14,3,0.0,0.0,0.0,1.0,0.0,1.0,0.0,0.0,0.0,0.0
1.3599907293071583,0.29646606278874377,0.18537922435986212,2022,4,15,4,0.0,0.0,0.0,1.0,0.0,0.0,0.0,0.0,0.0,0.0
1.6285864677403497,0.6587168726479127,-0.7244574596149194,2022,4,16,5,0.0,0.0,0.0,1.0,1.0,0.0,0.0,0.0,1.0,0.0
0.5526282925220485,1.528118816309918,-0.838187045111767,2022,4,17,6,0.0,0.0,1.0,0.0,0.0,0.0,0.0,0.0,1.0,0.0
-0.8703509029578576,-0.9714117717183475,0.18537922435986212,2022,4,18,0,0.0,1.0,0.0,0.0,1.0,0.0,0.0,0.0,1.0,0.0
1.0457790882711557,0.4775914677183282,1.4364046648251867,2022,4,19,1,0.0,0.0,0.0,1.0,0.0,0.0,0.0,0.0,0.0,1.0
0.13770894718805635,-0.7540612858028461,-1.0656462161054623,2022,4,20,2,0.0,0.0,1.0,0.0,1.0,0.0,0.0,1.0,0.0,0.0
1.789567551514362,1.4918937353240012,-0.496998288621224,2022,4,21,3,1.0,0.0,0.0,0.0,0.0,0.0,1.0,1.0,0.0,0.0
-0.9841708928624844,-0.6453860428450954,-0.7244574596149194,2022,4,22,4,0.0,1.0,0.0,0.0,1.0,0.0,0.0,0.0,1.0,0.0
0.609543747514173,-0.4280355569295941,-1.2931053870991576,2022,4,23,5,0.0,1.0,0.0,0.0,1.0,0.0,0.0,0.0,1.0,0.0
-0.8105170566866375,-0.21068507101409273,-0.7244574596149194,2022,4,24,6,0.0,0.0,0.0,1.0,0.0,0.0,1.0,0.0,0.0,0.0
-0.9444054229173919,0.18779081983099308,1.208945493831491,2022,4,25,0,1.0,0.0,0.0,0.0,0.0,0.0,1.0,0.0,0.0,1.0
-0.20422058594958867,0.550041629690162,-0.04207994663383342,2022,4,26,1,0.0,0.0,0.0,0.0,0.0,1.0,0.0,1.0,0.0,0.0
-0.5702616548935674,-0.3193603139718434,0.9814863228377956,2022,4,27,2,0.0,0.0,0.0,1.0,0.0,1.0,0.0,0.0,1.0,0.0
-0.7884339256701709,-1.3336625815775163,0.6402975663472525,2022,4,28,3,0.0,1.0,0.0,0.0,0.0,0.0,1.0,0.0,1.0,0.0
-0.6391455171518794,-1.116312095662015,1.3226750793283388,2022,4,29,4,1.0,0.0,0.0,0.0,0.0,0.0,0.0,0.0,0.0,1.0
-0.2925421899358327,1.7092442212395025,0.18537922435986212,2022,4,30,5,0.0,0.0,0.0,1.0,0.0,0.0,1.0,1.0,0.0,0.0
0.008065761910523049,1.528118816309918,0.5265679808504051,2022,5,1,6,0.0,1.0,0.0,0.0,0.0,1.0,0.0,0.0,1.0,0.0
0.31231283029105483,-0.7178362048169292,-1.17937580160231,2022,5,2,0,0.0,0.0,0.0,1.0,0.0,1.0,0.0,0.0,0.0,1.0
-0.6314687011773085,-0.8265114477746799,0.29910880985670957,2022,5,3,1,0.0,1.0,0.0,0.0,1.0,0.0,0.0,0.0,1.0,0.0
-0.05277819172577207,0.15156573884507618,-1.6342941435897005,2022,5,4,2,1.0,0.0,0.0,0.0,1.0,0.0,0.0,0.0,0.0,0.0
-0.27496359176362,-1.0800870146760981,-0.496998288621224,2022,5,5,3,0.0,0.0,0.0,0.0,0.0,1.0,0.0,1.0,0.0,0.0
-0.889269940903724,-1.3336625815775163,0.867756737340948,2022,5,6,4,0.0,1.0,0.0,0.0,0.0,0.0,0.0,0.0,0.0,1.0
-1.1527114017551265,-1.4423378245352672,-0.15580953213068088,2022,5,7,5,0.0,1.0,0.0,0.0,0.0,0.0,0.0,1.0,0.0,0.0
0.25389859437075113,1.7816943832113363,0.07164963886301434,2022,5,8,6,0.0,1.0,0.0,0.0,1.0,0.0,0.0,1.0,0.0,0.0
-0.9782795099061814,-0.17445999002817583,0.7540271518441003,2022,5,9,0,0.0,0.0,0.0,0.0,0.0,0.0,0.0,0.0,0.0,0.0
0.0010059304346197312,-0.5367107998873447,-1.6342941435897005,2022,5,10,1,0.0,0.0,0.0,1.0,1.0,0.0,0.0,0.0,0.0,0.0
-0.11821676886320628,0.6587168726479127,-0.26953911762752863,2022,5,11,2,0.0,1.0,0.0,0.0,0.0,0.0,1.0,1.0,0.0,0.0
0.6827301211437238,0.36891622476057756,-0.838187045111767,2022,5,12,3,0.0,0.0,1.0,0.0,0.0,0.0,0.0,1.0,0.0,0.0
0.788578452923974,0.6224917916619958,1.0952159083346433,2022,5,13,4,0.0,0.0,1.0,0.0,0.0,0.0,0.0,0.0,1.0,0.0
-0.9268677750437633,-1.1887622576338488,-0.3832687031243764,2022,5,14,5,0.0,1.0,0.0,0.0,0.0,0.0,0.0,0.0,0.0,0.0
-1.0597132736705752,-1.5872381484789346,-0.26953911762752863,2022,5,15,6,0.0,0.0,1.0,0.0,0.0,1.0,0.0,0.0,0.0,1.0
0.5148666571876724,0.1153406578591593,-1.17937580160231,2022,5,16,0,1.0,0.0,0.0,0.0,0.0,1.0,0.0,1.0,0.0,0.0
-1.108812681672943,-1.5872381484789346,1.5501342503220337,2022,5,17,1,0.0,0.0,0.0,0.0,0.0,0.0,1.0,0.0,1.0,0.0
-0.7138061015304588,-0.8265114477746799,0.7540271518441003,2022,5,18,2,0.0,0.0,1.0,0.0,0.0,0.0,1.0,0.0,1.0,0.0
-0.49193738380166147,-0.6816111238310123,-0.496998288621224,2022,5,19,3,0.0,0.0,0.0,1.0,1.0,0.0,0.0,0.0,1.0,0.0
-0.015357808879597356,0.4413663867324113,-0.6107278741180716,2022,5,20,4,1.0,0.0,0.0,0.0,0.0,0.0,1.0,1.0,0.0,0.0
1.5585832973207383,0.0791155768732424,-1.6342941435897005,2022,5,21,5,0.0,0.0,0.0,1.0,1.0,0.0,0.0,0.0,1.0,0.0
1.9863200861115615,0.876067358563414,-0.15580953213068088,2022,5,22,6,0.0,0.0,0.0,0.0,0.0,0.0,1.0,0.0,0.0,0.0
-0.30679289384310876,1.4556686543380843,-0.15580953213068088,2022,5,23,0,0.0,1.0,0.0,0.0,0.0,0.0,1.0,0.0,0.0,1.0
-0.7726598706555653,1.7816943832113363,0.4128383953535573,2022,5,24,1,0.0,0.0,0.0,0.0,0.0,1.0,0.0,0.0,0.0,0.0
1.5652172456913664,0.876067358563414,1.3226750793283388,2022,5,25,2,0.0,0.0,1.0,0.0,0.0,1.0,0.0,0.0,1.0,0.0
3.0318358093624234,1.8179194641972531,-1.7480237290865484,2022,5,26,3,1.0,0.0,0.0,0.0,0.0,0.0,0.0,0.0,1.0,0.0
-0.06220495045983791,0.4775914677183282,-0.04207994663383342,2022,5,27,4,0.0,0.0,0.0,1.0,1.0,0.0,0.0,0.0,0.0,1.0
-1.0250174506901977,-1.478562905521184,0.29910880985670957,2022,5,28,5,0.0,0.0,1.0,0.0,0.0,0.0,1.0,0.0,0.0,0.0
-0.9622433729806374,-1.5510130674930178,-1.6342941435897005,2022,5,29,6,0.0,0.0,0.0,1.0,0.0,0.0,1.0,1.0,0.0,0.0
-0.04513686600997412,-0.464260637915511,1.4364046648251867,2022,5,30,0,0.0,0.0,0.0,0.0,0.0,0.0,0.0,0.0,0.0,0.0
-0.6731724852553828,-1.1887622576338488,-0.3832687031243764,2022,5,31,1,0.0,0.0,0.0,1.0,0.0,0.0,0.0,0.0,1.0,0.0
0.44873465499421383,-0.4280355569295941,-0.15580953213068088,2022,6,1,2,0.0,0.0,0.0,0.0,0.0,0.0,0.0,0.0,0.0,1.0
-0.4822894934552412,-0.06578474707042517,1.4364046648251867,2022,6,2,3,0.0,0.0,0.0,1.0,0.0,1.0,0.0,0.0,1.0,0.0
-0.07433442890045626,0.7311670346197464,1.5501342503220337,2022,6,3,4,1.0,0.0,0.0,0.0,0.0,1.0,0.0,0.0,0.0,0.0
0.624777258587468,-0.06578474707042517,-1.0656462161054623,2022,6,4,5,0.0,1.0,0.0,0.0,0.0,0.0,1.0,1.0,0.0,0.0
-0.5954651986621444,-1.1887622576338488,-1.4068349725960054,2022,6,5,6,1.0,0.0,0.0,0.0,0.0,1.0,0.0,1.0,0.0,0.0
-0.23575231585936607,-0.3555853949577603,-0.6107278741180716,2022,6,6,0,0.0,0.0,0.0,1.0,0.0,0.0,0.0,1.0,0.0,0.0
-0.8989997318473124,-1.3336625815775163,-0.3832687031243764,2022,6,7,1,1.0,0.0,0.0,0.0,1.0,0.0,0.0,0.0,1.0,0.0
0.18995060810177922,-0.3918104759436772,-0.838187045111767,2022,6,8,2,0.0,0.0,0.0,1.0,1.0,0.0,0.0,0.0,0.0,0.0
0.7255805135821538,0.8398422775774971,0.6402975663472525,2022,6,9,3,1.0,0.0,0.0,0.0,0.0,1.0,0.0,0.0,0.0,1.0
1.576620538837093,1.0934178444789153,1.208945493831491,2022,6,10,4,0.0,0.0,0.0,1.0,1.0,0.0,0.0,0.0,1.0,0.0
2.1537631270021493,1.6005689782817518,0.9814863228377956,2022,6,11,5,0.0,1.0,0.0,0.0,1.0,0.0,0.0,0.0,1.0,0.0
-0.649055489409238,-1.2612124196056826,-0.26953911762752863,2022,6,12,6,0.0,1.0,0.0,0.0,0.0,0.0,1.0,0.0,0.0,0.0
0.47968216064419117,0.6949419536338296,0.18537922435986212,2022,6,13,0,0.0,0.0,0.0,0.0,0.0,0.0,1.0,0.0,0.0,0.0
-0.16392549214280822,-0.3193603139718434,-0.496998288621224,2022,6,14,1,0.0,0.0,0.0,1.0,0.0,0.0,1.0,0.0,0.0,0.0
-0.9242032756158896,-0.7540612858028461,1.208945493831491,2022,6,15,2,1.0,0.0,0.0,0.0,1.0,0.0,0.0,0.0,1.0,0.0
-1.1008028032698878,-1.1887622576338488,-0.26953911762752863,2022,6,16,3,0.0,1.0,0.0,0.0,0.0,1.0,0.0,0.0,0.0,0.0
-0.5373758351106083,-0.790286366788763,0.867756737340948,2022,6,17,4,0.0,0.0,0.0,1.0,0.0,0.0,1.0,0.0,1.0,0.0
-0.7033173650531112,-0.5367107998873447,1.3226750793283388,2022,6,18,5,0.0,0.0,0.0,0.0,1.0,0.0,0.0,0.0,0.0,0.0
0.527315547957247,1.4194435733521673,1.0952159083346433,2022,6,19,6,0.0,0.0,1.0,0.0,0.0,0.0,1.0,0.0,1.0,0.0
-0.5542473581272682,-1.152537176647932,1.3226750793283388,2022,6,20,0,0.0,0.0,1.0,0.0,1.0,0.0,0.0,1.0,0.0,0.0
-0.7006037252669365,-1.1887622576338488,1.5501342503220337,2022,6,21,1,0.0,0.0,0.0,0.0,0.0,0.0,1.0,0.0,1.0,0.0
-0.46521048892575484,1.1296429254648324,-0.496998288621224,2022,6,22,2,0.0,1.0,0.0,0.0,0.0,1.0,0.0,0.0,0.0,0.0
-0.09196216743096997,1.202093087436666,0.5265679808504051,2022,6,23,3,0.0,0.0,0.0,0.0,0.0,0.0,1.0,0.0,1.0,0.0
1.904433139042837,1.3832184923662505,-0.04207994663383342,2022,6,24,4,0.0,0.0,1.0,0.0,0.0,0.0,0.0,1.0,0.0,0.0
-0.5677991769387086,0.876067358563414,-0.7244574596149194,2022,6,25,5,0.0,0.0,0.0,1.0,0.0,0.0,0.0,0.0,0.0,1.0
-0.42611660387744216,0.26024098180282684,0.5265679808504051,2022,6,26,6,0.0,0.0,1.0,0.0,0.0,0.0,1.0,0.0,0.0,0.0
-0.9119727864387637,-0.790286366788763,0.867756737340948,2022,6,27,0,1.0,0.0,0.0,0.0,0.0,0.0,0.0,0.0,0.0,1.0
1.1435356410511828,0.29646606278874377,-0.04207994663383342,2022,6,28,1,0.0,1.0,0.0,0.0,0.0,0.0,0.0,1.0,0.0,0.0
-0.5982607390454875,-1.116312095662015,0.07164963886301434,2022,6,29,2,0.0,0.0,0.0,0.0,0.0,1.0,0.0,0.0,1.0,0.0
-0.531528132472795,-0.3555853949577603,1.3226750793283388,2022,6,30,3,0.0,1.0,0.0,0.0,0.0,0.0,1.0,1.0,0.0,0.0
-1.1076496931931539,-0.9714117717183475,1.5501342503220337,2022,7,1,4,0.0,0.0,0.0,1.0,0.0,0.0,0.0,1.0,0.0,0.0
1.2750680001033967,1.0571927634929985,1.0952159083346433,2022,7,2,5,0.0,0.0,0.0,0.0,1.0,0.0,0.0,0.0,0.0,0.0
-0.7219715910681336,-1.3698876625634333,-0.26953911762752863,2022,7,3,6,0.0,0.0,0.0,1.0,0.0,1.0,0.0,1.0,0.0,0.0
-0.7865665920547348,-0.10200982805634205,-0.3832687031243764,2022,7,4,0,1.0,0.0,0.0,0.0,0.0,1.0,0.0,0.0,1.0,0.0
2.0742540272712096,0.7673921156056633,-1.520564558092853,2022,7,5,1,0.0,0.0,0.0,0.0,1.0,0.0,0.0,1.0,0.0,0.0
-0.23730842720556294,-0.24691015200000963,1.6638638358188815,2022,7,6,2,0.0,1.0,0.0,0.0,0.0,0.0,1.0,1.0,0.0,0.0
0.9622732393984049,0.7311670346197464,1.208945493831491,2022,7,7,3,0.0,0.0,0.0,0.0,0.0,1.0,0.0,0.0,0.0,1.0
0.8364903022674021,0.9485175205352478,1.6638638358188815,2022,7,8,4,0.0,0.0,0.0,1.0,0.0,0.0,0.0,0.0,0.0,1.0
0.44836337228705114,-0.3193603139718434,-0.496998288621224,2022,7,9,5,1.0,0.0,0.0,0.0,0.0,0.0,1.0,0.0,0.0,0.0
-0.2609476695682263,-0.9351866907324305,0.867756737340948,2022,7,10,6,0.0,0.0,1.0,0.0,0.0,0.0,1.0,1.0,0.0,0.0
-0.1733194906380068,-0.21068507101409273,-0.26953911762752863,2022,7,11,0,0.0,0.0,0.0,1.0,0.0,1.0,0.0,0.0,0.0,0.0
-0.07590419034618111,-0.9351866907324305,-1.4068349725960054,2022,7,12,1,0.0,0.0,1.0,0.0,0.0,1.0,0.0,1.0,0.0,0.0
-0.6330521127225613,-1.152537176647932,-0.3832687031243764,2022,7,13,2,0.0,1.0,0.0,0.0,0.0,0.0,0.0,0.0,1.0,0.0
-0.2602405944126738,0.4775914677183282,0.7540271518441003,2022,7,14,3,1.0,0.0,0.0,0.0,0.0,0.0,1.0,1.0,0.0,0.0
-0.2596017697547614,-0.21068507101409273,0.7540271518441003,2022,7,15,4,0.0,0.0,0.0,0.0,0.0,0.0,1.0,0.0,1.0,0.0
0.7500196517771606,0.6224917916619958,-0.3832687031243764,2022,7,16,5,1.0,0.0,0.0,0.0,0.0,1.0,0.0,0.0,0.0,1.0
-0.15914795730799347,-0.7178362048169292,1.208945493831491,2022,7,17,6,0.0,1.0,0.0,0.0,0.0,0.0,1.0,0.0,0.0,1.0
-0.806790579515482,-1.4061127435493501,0.9814863228377956,2022,7,18,0,0.0,1.0,0.0,0.0,1.0,0.0,0.0,1.0,0.0,0.0
-0.7275981620935926,-0.464260637915511,0.18537922435986212,2022,7,19,1,0.0,0.0,0.0,0.0,1.0,0.0,0.0,0.0,0.0,1.0
-0.015480659775349685,-0.8627365287605968,-1.6342941435897005,2022,7,20,2,0.0,1.0,0.0,0.0,1.0,0.0,0.0,0.0,1.0,0.0
-0.4933979444511619,-0.9351866907324305,1.5501342503220337,2022,7,21,3,1.0,0.0,0.0,0.0,0.0,0.0,0.0,1.0,0.0,0.0
-0.9250195515676664,0.0791155768732424,0.4128383953535573,2022,7,22,4,0.0,1.0,0.0,0.0,0.0,0.0,1.0,0.0,1.0,0.0
-0.6223395146129538,-1.0800870146760981,-0.15580953213068088,2022,7,23,5,0.0,0.0,0.0,1.0,1.0,0.0,0.0,1.0,0.0,0.0
0.8021411918150368,0.33269114377466064,0.29910880985670957,2022,7,24,6,0.0,0.0,0.0,1.0,0.0,1.0,0.0,0.0,1.0,0.0
-0.6679171969370865,1.528118816309918,-1.6342941435897005,2022,7,25,0,1.0,0.0,0.0,0.0,1.0,0.0,0.0,1.0,0.0,0.0
0.4937854434765643,1.0571927634929985,1.5501342503220337,2022,7,26,1,0.0,0.0,0.0,0.0,0.0,0.0,1.0,1.0,0.0,0.0
1.4848973300484611,1.1296429254648324,-1.4068349725960054,2022,7,27,2,0.0,0.0,0.0,0.0,0.0,0.0,0.0,0.0,0.0,0.0
-0.6459924070751454,-1.3336625815775163,-1.17937580160231,2022,7,28,3,0.0,0.0,1.0,0.0,0.0,0.0,0.0,0.0,0.0,0.0
0.3738010686250737,1.6367940592676686,-0.3832687031243764,2022,7,29,4,0.0,0.0,0.0,1.0,0.0,0.0,1.0,0.0,1.0,0.0
0.307494345157656,0.18779081983099308,-0.838187045111767,2022,7,30,5,0.0,0.0,0.0,0.0,0.0,0.0,1.0,0.0,0.0,0.0
0.6691673822526613,-0.13823490904225894,-0.838187045111767,2022,7,31,6,1.0,0.0,0.0,0.0,0.0,0.0,1.0,1.0,0.0,0.0
1.427566912030684,0.6587168726479127,0.07164963886301434,2022,8,1,0,0.0,0.0,0.0,1.0,0.0,0.0,1.0,0.0,0.0,1.0
2.0857637911932545,1.4194435733521673,0.29910880985670957,2022,8,2,1,0.0,1.0,0.0,0.0,0.0,1.0,0.0,0.0,1.0,0.0
-0.6999294103502511,-1.152537176647932,1.3226750793283388,2022,8,3,2,0.0,0.0,0.0,1.0,0.0,0.0,0.0,0.0,0.0,0.0
-0.02740265670314173,1.3469934113803337,-0.3832687031243764,2022,8,4,3,0.0,1.0,0.0,0.0,0.0,0.0,1.0,1.0,0.0,0.0
-0.7366973184389856,-0.7178362048169292,-0.26953911762752863,2022,8,5,4,0.0,1.0,0.0,0.0,0.0,1.0,0.0,0.0,1.0,0.0
-0.373896783122964,-0.5367107998873447,1.208945493831491,2022,8,6,5,1.0,0.0,0.0,0.0,0.0,0.0,1.0,0.0,0.0,1.0
-1.0822441279515616,-1.4423378245352672,-1.6342941435897005,2022,8,7,6,1.0,0.0,0.0,0.0,0.0,1.0,0.0,0.0,1.0,0.0
1.8287815574385216,0.7311670346197464,-0.15580953213068088,2022,8,8,0,1.0,0.0,0.0,0.0,0.0,1.0,0.0,0.0,0.0,1.0
-0.9426363700185577,-1.2249873386197656,0.29910880985670957,2022,8,9,1,0.0,0.0,0.0,0.0,0.0,0.0,1.0,0.0,1.0,0.0
-0.5354593611368711,1.6005689782817518,1.5501342503220337,2022,8,10,2,0.0,0.0,0.0,1.0,1.0,0.0,0.0,1.0,0.0,0.0
-0.02326121650633372,0.15156573884507618,1.0952159083346433,2022,8,11,3,1.0,0.0,0.0,0.0,0.0,0.0,1.0,1.0,0.0,0.0
-1.0970462958797706,-1.5872381484789346,-1.7480237290865484,2022,8,12,4,0.0,0.0,0.0,0.0,0.0,0.0,1.0,1.0,0.0,0.0
-0.9601084974144516,-1.4061127435493501,0.6402975663472525,2022,8,13,5,1.0,0.0,0.0,0.0,1.0,0.0,0.0,1.0,0.0,0.0
-0.857623550157911,-1.4423378245352672,1.6638638358188815,2022,8,14,6,0.0,0.0,0.0,1.0,1.0,0.0,0.0,0.0,0.0,0.0
-0.19683315208501226,-0.790286366788763,0.867756737340948,2022,8,15,0,0.0,0.0,0.0,1.0,0.0,1.0,0.0,1.0,0.0,0.0
1.2750680001033967,1.0571927634929985,1.0952159083346433,2022,8,16,1,0.0,0.0,0.0,0.0,0.0,0.0,1.0,0.0,0.0,1.0
1.3021661776864661,1.4556686543380843,-0.15580953213068088,2022,8,17,2,0.0,0.0,0.0,1.0,0.0,0.0,1.0,0.0,0.0,1.0
-1.1718078909948577,-1.5872381484789346,1.5501342503220337,2022,8,18,3,1.0,0.0,0.0,0.0,0.0,1.0,0.0,0.0,0.0,1.0
-0.6377368268805854,0.6224917916619958,1.208945493831491,2022,8,19,4,1.0,0.0,0.0,0.0,1.0,0.0,0.0,0.0,0.0,0.0
-0.4365398198770551,-0.3918104759436772,-0.496998288621224,2022,8,20,5,1.0,0.0,0.0,0.0,0.0,0.0,1.0,0.0,0.0,1.0
0.42149997641586406,-0.21068507101409273,0.5265679808504051,2022,8,21,6,0.0,0.0,1.0,0.0,0.0,1.0,0.0,0.0,0.0,1.0
0.42497256173579806,0.33269114377466064,0.867756737340948,2022,8,22,0,1.0,0.0,0.0,0.0,0.0,0.0,1.0,1.0,0.0,0.0
-0.4971298816621287,0.18779081983099308,1.208945493831491,2022,8,23,1,1.0,0.0,0.0,0.0,1.0,0.0,0.0,1.0,0.0,0.0
-1.0271086459378937,-1.4423378245352672,-1.4068349725960054,2022,8,24,2,0.0,0.0,0.0,1.0,0.0,0.0,1.0,0.0,1.0,0.0
-0.8761986055956709,-1.0076368527042643,-1.2931053870991576,2022,8,25,3,1.0,0.0,0.0,0.0,0.0,0.0,0.0,0.0,0.0,1.0
-0.6508900627858067,-0.790286366788763,0.867756737340948,2022,8,26,4,0.0,1.0,0.0,0.0,0.0,1.0,0.0,0.0,0.0,0.0
-0.4545743313735044,-1.116312095662015,0.6402975663472525,2022,8,27,5,0.0,1.0,0.0,0.0,0.0,0.0,1.0,0.0,1.0,0.0
-0.7478931300718856,-0.24691015200000963,0.4128383953535573,2022,8,28,6,0.0,0.0,0.0,0.0,1.0,0.0,0.0,0.0,1.0,0.0
-0.7129543353199089,0.18779081983099308,0.29910880985670957,2022,8,29,0,1.0,0.0,0.0,0.0,0.0,1.0,0.0,1.0,0.0,0.0
0.0181149651830678,1.238318168422583,-0.26953911762752863,2022,8,30,1,1.0,0.0,0.0,0.0,0.0,1.0,0.0,0.0,0.0,1.0
-0.31665372574216644,-0.24691015200000963,-0.15580953213068088,2022,8,31,2,1.0,0.0,0.0,0.0,0.0,0.0,1.0,0.0,0.0,1.0
-0.733298443656503,-0.5367107998873447,0.4128383953535573,2022,9,1,3,0.0,0.0,0.0,1.0,0.0,1.0,0.0,1.0,0.0,0.0
1.1713818440883887,1.3107683303944166,1.4364046648251867,2022,9,2,4,0.0,0.0,0.0,1.0,0.0,0.0,1.0,1.0,0.0,0.0
-0.9560025474764166,-1.2612124196056826,1.4364046648251867,2022,9,3,5,0.0,1.0,0.0,0.0,0.0,0.0,0.0,1.0,0.0,0.0
-0.773003853163672,-1.0076368527042643,-0.838187045111767,2022,9,4,6,1.0,0.0,0.0,0.0,1.0,0.0,0.0,0.0,1.0,0.0
-0.05000176148176827,-0.3918104759436772,0.4128383953535573,2022,9,5,0,1.0,0.0,0.0,0.0,0.0,0.0,0.0,0.0,1.0,0.0
0.2952747760601526,-0.06578474707042517,-0.9519166306086146,2022,9,6,1,0.0,0.0,0.0,0.0,0.0,1.0,0.0,0.0,1.0,0.0
-0.44848092694418645,-0.790286366788763,-1.2931053870991576,2022,9,7,2,0.0,1.0,0.0,0.0,0.0,0.0,1.0,1.0,0.0,0.0
-0.8324309264689564,1.0934178444789153,-1.2931053870991576,2022,9,8,3,0.0,1.0,0.0,0.0,1.0,0.0,0.0,1.0,0.0,0.0
-0.7839676131045955,-1.478562905521184,-1.17937580160231,2022,9,9,4,0.0,1.0,0.0,0.0,1.0,0.0,0.0,0.0,1.0,0.0
-0.23657678187085981,-0.7178362048169292,1.3226750793283388,2022,9,10,5,0.0,1.0,0.0,0.0,1.0,0.0,0.0,1.0,0.0,0.0
0.13170836343552889,1.7454693022254195,1.5501342503220337,2022,9,11,6,0.0,0.0,0.0,0.0,0.0,0.0,0.0,1.0,0.0,0.0
-0.9762975154547096,0.22401590081690997,-1.6342941435897005,2022,9,12,0,0.0,0.0,1.0,0.0,1.0,0.0,0.0,0.0,0.0,1.0
0.32758729166293393,1.3469934113803337,-0.838187045111767,2022,9,13,1,0.0,1.0,0.0,0.0,0.0,0.0,0.0,0.0,0.0,1.0
-1.115555830839796,-0.8265114477746799,-1.4068349725960054,2022,9,14,2,0.0,0.0,0.0,1.0,0.0,1.0,0.0,0.0,1.0,0.0
-0.9752164275720886,-1.4423378245352672,-0.15580953213068088,2022,9,15,3,0.0,1.0,0.0,0.0,0.0,0.0,1.0,0.0,1.0,0.0
-0.12747972640293564,0.04289049588732551,-0.496998288621224,2022,9,16,4,0.0,1.0,0.0,0.0,0.0,0.0,1.0,0.0,0.0,0.0
0.47798954830271373,1.6367940592676686,0.6402975663472525,2022,9,17,5,0.0,0.0,0.0,1.0,0.0,1.0,0.0,0.0,1.0,0.0
-0.37522903283690096,-0.6816111238310123,0.9814863228377956,2022,9,18,6,0.0,0.0,0.0,1.0,0.0,0.0,1.0,0.0,0.0,0.0
1.2957069505897967,1.4918937353240012,-1.520564558092853,2022,9,19,0,0.0,0.0,0.0,1.0,1.0,0.0,0.0,0.0,0.0,0.0
0.2807128498836372,0.6587168726479127,-0.496998288621224,2022,9,20,1,0.0,0.0,1.0,0.0,0.0,0.0,1.0,1.0,0.0,0.0
-1.0813759816215782,-0.6816111238310123,1.208945493831491,2022,9,21,2,1.0,0.0,0.0,0.0,0.0,1.0,0.0,0.0,1.0,0.0
0.7700252376454592,0.26024098180282684,-1.0656462161054623,2022,9,22,3,0.0,0.0,1.0,0.0,1.0,0.0,0.0,0.0,1.0,0.0
-0.6692521766709292,0.40514130574649443,-0.04207994663383342,2022,9,23,4,1.0,0.0,0.0,0.0,0.0,0.0,1.0,0.0,0.0,1.0
1.7162828971682091,1.528118816309918,0.07164963886301434,2022,9,24,5,1.0,0.0,0.0,0.0,0.0,0.0,1.0,0.0,1.0,0.0
-0.6573765900815325,-0.6816111238310123,-1.6342941435897005,2022,9,25,6,0.0,0.0,0.0,0.0,0.0,1.0,0.0,1.0,0.0,0.0
-0.8048249651834439,-1.3698876625634333,0.6402975663472525,2022,9,26,0,0.0,0.0,1.0,0.0,0.0,1.0,0.0,0.0,0.0,1.0
-0.5364749285417574,-0.9714117717183475,-0.26953911762752863,2022,9,27,1,1.0,0.0,0.0,0.0,1.0,0.0,0.0,0.0,0.0,0.0
-0.5403843170465887,-1.0800870146760981,-1.4068349725960054,2022,9,28,2,0.0,0.0,0.0,0.0,1.0,0.0,0.0,0.0,0.0,0.0
0.4934414609684576,-0.6091609618591786,-1.6342941435897005,2022,9,29,3,0.0,0.0,1.0,0.0,0.0,0.0,1.0,1.0,0.0,0.0
-0.45688392821364915,-1.0076368527042643,-1.0656462161054623,2022,9,30,4,1.0,0.0,0.0,0.0,0.0,1.0,0.0,0.0,1.0,0.0
-0.9162971379692475,-0.029559666084508274,-0.9519166306086146,2022,10,1,5,0.0,1.0,0.0,0.0,0.0,1.0,0.0,0.0,1.0,0.0
1.8527292920505185,1.4194435733521673,-0.15580953213068088,2022,10,2,6,1.0,0.0,0.0,0.0,0.0,0.0,0.0,1.0,0.0,0.0
1.2491464610996446,0.8036171965915803,0.4128383953535573,2022,10,3,0,0.0,0.0,1.0,0.0,0.0,0.0,0.0,0.0,0.0,0.0
-0.8418986355016065,1.4918937353240012,0.29910880985670957,2022,10,4,1,0.0,0.0,0.0,1.0,0.0,1.0,0.0,1.0,0.0,0.0
-0.22295944258168493,-0.17445999002817583,-0.26953911762752863,2022,10,5,2,0.0,0.0,0.0,0.0,1.0,0.0,0.0,0.0,1.0,0.0
-1.012988982986087,-0.10200982805634205,-0.7244574596149194,2022,10,6,3,0.0,1.0,0.0,0.0,0.0,1.0,0.0,0.0,0.0,0.0
1.2427336443413703,0.26024098180282684,0.4128383953535573,2022,10,7,4,1.0,0.0,0.0,0.0,0.0,1.0,0.0,0.0,0.0,1.0
0.6255962645591506,0.40514130574649443,-0.04207994663383342,2022,10,8,5,0.0,0.0,0.0,0.0,0.0,0.0,0.0,1.0,0.0,0.0
-0.8813747233367044,-0.4280355569295941,-1.7480237290865484,2022,10,9,6,0.0,0.0,0.0,0.0,1.0,0.0,0.0,0.0,0.0,0.0
0.9911623100395536,0.9122924395493309,-0.496998288621224,2022,10,10,0,0.0,0.0,1.0,0.0,1.0,0.0,0.0,0.0,0.0,0.0
-0.8627887478193222,-1.478562905521184,1.208945493831491,2022,10,11,1,1.0,0.0,0.0,0.0,0.0,1.0,0.0,0.0,0.0,1.0
1.0202916224323955,0.6224917916619958,0.9814863228377956,2022,10,12,2,0.0,1.0,0.0,0.0,0.0,0.0,1.0,0.0,1.0,0.0
0.5068403986651837,0.36891622476057756,1.0952159083346433,2022,10,13,3,0.0,0.0,0.0,1.0,0.0,0.0,0.0,1.0,0.0,0.0
-0.8060261739419117,-0.5004857189014279,-0.3832687031243764,2022,10,14,4,1.0,0.0,0.0,0.0,1.0,0.0,0.0,0.0,1.0,0.0
-0.6283018780868027,-0.7540612858028461,-1.4068349725960054,2022,10,15,5,0.0,0.0,0.0,1.0,0.0,0.0,1.0,0.0,1.0,0.0
-0.9626637960461012,1.4194435733521673,1.5501342503220337,2022,10,16,6,0.0,0.0,0.0,0.0,0.0,0.0,0.0,0.0,0.0,1.0
0.8889066844550839,1.238318168422583,1.0952159083346433,2022,10,17,0,0.0,0.0,0.0,0.0,0.0,0.0,1.0,0.0,0.0,1.0
3.5938923075290874,1.7816943832113363,-1.17937580160231,2022,10,18,1,0.0,0.0,0.0,1.0,0.0,1.0,0.0,0.0,0.0,1.0
-0.04277812881152834,0.6224917916619958,1.4364046648251867,2022,10,19,2,0.0,1.0,0.0,0.0,0.0,0.0,0.0,0.0,0.0,0.0
2.1809322851027644,1.0934178444789153,0.18537922435986212,2022,10,20,3,0.0,0.0,1.0,0.0,0.0,0.0,0.0,0.0,1.0,0.0
-0.37067808965425164,0.006665414901408618,0.867756737340948,2022,10,21,4,1.0,0.0,0.0,0.0,1.0,0.0,0.0,0.0,0.0,0.0
-0.9780174279952429,-0.6816111238310123,-0.6107278741180716,2022,10,22,5,0.0,0.0,1.0,0.0,0.0,1.0,0.0,0.0,0.0,0.0
1.3069000322027913,1.4194435733521673,-0.04207994663383342,2022,10,23,6,0.0,0.0,0.0,0.0,0.0,1.0,0.0,0.0,0.0,0.0
-0.764944834402316,-1.1887622576338488,-1.4068349725960054,2022,10,24,0,1.0,0.0,0.0,0.0,0.0,0.0,0.0,0.0,0.0,0.0
-0.9787053930114562,-1.116312095662015,-0.7244574596149194,2022,10,25,1,0.0,0.0,0.0,0.0,0.0,1.0,0.0,0.0,1.0,0.0
-0.9308426840263292,-1.2249873386197656,1.4364046648251867,2022,10,26,2,0.0,0.0,0.0,1.0,0.0,0.0,0.0,0.0,1.0,0.0
-0.8341945193279795,-1.5147879865071008,-1.520564558092853,2022,10,27,3,0.0,1.0,0.0,0.0,1.0,0.0,0.0,0.0,1.0,0.0
-0.7124629317368993,-1.2612124196056826,0.07164963886301434,2022,10,28,4,0.0,1.0,0.0,0.0,1.0,0.0,0.0,0.0,0.0,0.0
0.9958524842373886,-0.029559666084508274,-1.0656462161054623,2022,10,29,5,0.0,1.0,0.0,0.0,1.0,0.0,0.0,1.0,0.0,0.0
-1.0700081787346247,-1.5510130674930178,-1.4068349725960054,2022,10,30,6,1.0,0.0,0.0,0.0,0.0,0.0,0.0,1.0,0.0,0.0
1.2759088462343242,1.0209676825070815,0.867756737340948,2022,10,31,0,0.0,0.0,0.0,1.0,0.0,0.0,0.0,0.0,0.0,0.0
-0.10628931189560302,-0.7540612858028461,0.29910880985670957,2022,11,1,1,1.0,0.0,0.0,0.0,0.0,1.0,0.0,0.0,1.0,0.0
0.8398154665124332,1.7816943832113363,-1.4068349725960054,2022,11,2,2,1.0,0.0,0.0,0.0,0.0,0.0,1.0,0.0,0.0,1.0
1.4437177097922633,0.6224917916619958,0.7540271518441003,2022,11,3,3,0.0,0.0,1.0,0.0,0.0,0.0,0.0,1.0,0.0,0.0
1.168826545456739,1.202093087436666,1.4364046648251867,2022,11,4,4,0.0,0.0,1.0,0.0,0.0,0.0,0.0,0.0,1.0,0.0
-0.750770571052397,-0.3918104759436772,-1.17937580160231,2022,11,5,5,1.0,0.0,0.0,0.0,0.0,0.0,0.0,0.0,0.0,1.0
-1.0151183985124617,-1.5872381484789346,0.7540271518441003,2022,11,6,6,0.0,0.0,1.0,0.0,0.0,0.0,0.0,0.0,0.0,0.0
-0.12297519355868174,0.550041629690162,1.0952159083346433,2022,11,7,0,0.0,0.0,0.0,0.0,0.0,0.0,1.0,0.0,0.0,1.0
-1.1128258109341873,-1.2249873386197656,0.9814863228377956,2022,11,8,1,1.0,0.0,0.0,0.0,0.0,0.0,0.0,0.0,1.0,0.0
1.7037357256820331,0.550041629690162,-1.17937580160231,2022,11,9,2,1.0,0.0,0.0,0.0,0.0,0.0,1.0,0.0,0.0,1.0
-0.98560961335274,-1.4423378245352672,-0.9519166306086146,2022,11,10,3,0.0,0.0,0.0,0.0,0.0,1.0,0.0,0.0,0.0,0.0
-0.5984900607175586,-0.6816111238310123,1.3226750793283388,2022,11,11,4,0.0,0.0,0.0,0.0,0.0,0.0,1.0,0.0,0.0,1.0
-0.6429020245419966,-0.10200982805634205,-0.3832687031243764,2022,11,12,5,0.0,1.0,0.0,0.0,0.0,0.0,1.0,0.0,1.0,0.0
-0.7692364256939324,0.9847426015211647,-0.26953911762752863,2022,11,13,6,0.0,1.0,0.0,0.0,0.0,1.0,0.0,0.0,0.0,1.0
0.29471785199940853,-0.464260637915511,-0.15580953213068088,2022,11,14,0,0.0,0.0,0.0,1.0,0.0,0.0,1.0,0.0,0.0,0.0
-0.14553061801881859,-0.790286366788763,-0.26953911762752863,2022,11,15,1,1.0,0.0,0.0,0.0,0.0,1.0,0.0,0.0,0.0,0.0
-0.9249294609107813,-1.0076368527042643,1.3226750793283388,2022,11,16,2,0.0,0.0,0.0,0.0,0.0,0.0,0.0,0.0,0.0,1.0
0.619208017980027,0.22401590081690997,0.07164963886301434,2022,11,17,3,1.0,0.0,0.0,0.0,1.0,0.0,0.0,0.0,0.0,1.0
-0.3836893645243814,0.8036171965915803,0.4128383953535573,2022,11,18,4,1.0,0.0,0.0,0.0,0.0,1.0,0.0,1.0,0.0,0.0
0.9319044979684168,0.6949419536338296,-1.17937580160231,2022,11,19,5,1.0,0.0,0.0,0.0,0.0,0.0,1.0,1.0,0.0,0.0
0.07145682411875082,-0.5729358808732616,-0.04207994663383342,2022,11,20,6,0.0,0.0,1.0,0.0,0.0,1.0,0.0,0.0,0.0,1.0
0.2985398798672603,-0.3193603139718434,1.6638638358188815,2022,11,21,0,1.0,0.0,0.0,0.0,0.0,1.0,0.0,0.0,0.0,0.0
-0.5572940603419274,-0.6453860428450954,0.7540271518441003,2022,11,22,1,0.0,0.0,0.0,1.0,0.0,1.0,0.0,0.0,0.0,1.0
0.7579476295830475,0.7673921156056633,0.867756737340948,2022,11,23,2,0.0,1.0,0.0,0.0,1.0,0.0,0.0,1.0,0.0,0.0
-0.2836641652027941,1.0571927634929985,-0.6107278741180716,2022,11,24,3,1.0,0.0,0.0,0.0,0.0,1.0,0.0,0.0,0.0,1.0
-0.6531941995861404,-1.152537176647932,-1.4068349725960054,2022,11,25,4,0.0,1.0,0.0,0.0,1.0,0.0,0.0,1.0,0.0,0.0
-0.6901204488294,1.564343897295835,0.29910880985670957,2022,11,26,5,0.0,0.0,0.0,1.0,0.0,0.0,0.0,0.0,0.0,1.0
0.0718171867462913,-0.5729358808732616,0.07164963886301434,2022,11,27,6,0.0,1.0,0.0,0.0,1.0,0.0,0.0,0.0,1.0,0.0
1.0455170063602173,0.0791155768732424,-0.3832687031243764,2022,11,28,0,0.0,0.0,0.0,0.0,0.0,0.0,0.0,0.0,0.0,0.0
-0.981293451881973,-1.5510130674930178,-1.7480237290865484,2022,11,29,1,0.0,0.0,0.0,1.0,0.0,0.0,1.0,0.0,0.0,0.0
-0.7074178549513351,-0.3193603139718434,0.07164963886301434,2022,11,30,2,1.0,0.0,0.0,0.0,0.0,0.0,1.0,0.0,0.0,0.0
-1.03207182212629,-0.6453860428450954,-0.6107278741180716,2022,12,1,3,0.0,0.0,0.0,0.0,0.0,0.0,0.0,0.0,0.0,1.0
1.556150849584841,1.0571927634929985,-0.6107278741180716,2022,12,2,4,0.0,1.0,0.0,0.0,0.0,0.0,0.0,1.0,0.0,0.0
0.6026313371131725,0.9847426015211647,-0.26953911762752863,2022,12,3,5,0.0,1.0,0.0,0.0,0.0,0.0,0.0,0.0,0.0,1.0
0.4945553090899458,0.04289049588732551,0.29910880985670957,2022,12,4,6,0.0,0.0,0.0,1.0,0.0,0.0,0.0,1.0,0.0,0.0
0.9129035594253819,0.6224917916619958,-1.4068349725960054,2022,12,5,0,0.0,0.0,0.0,1.0,0.0,1.0,0.0,0.0,0.0,0.0
0.37725181378576256,0.550041629690162,0.29910880985670957,2022,12,6,1,0.0,0.0,0.0,1.0,0.0,1.0,0.0,0.0,1.0,0.0
-0.49722816237873063,0.8398422775774971,0.9814863228377956,2022,12,7,2,0.0,0.0,1.0,0.0,0.0,0.0,1.0,0.0,0.0,0.0
0.4920436907767861,0.9847426015211647,0.5265679808504051,2022,12,8,3,0.0,1.0,0.0,0.0,1.0,0.0,0.0,0.0,0.0,0.0
-0.7142975051134683,-0.5004857189014279,0.29910880985670957,2022,12,9,4,0.0,0.0,1.0,0.0,1.0,0.0,0.0,0.0,1.0,0.0
-0.7474672469666108,-0.5729358808732616,-1.4068349725960054,2022,12,10,5,0.0,0.0,1.0,0.0,0.0,0.0,0.0,0.0,0.0,0.0
-1.0050446250607665,1.4918937353240012,1.3226750793283388,2022,12,11,6,0.0,0.0,0.0,0.0,0.0,1.0,0.0,1.0,0.0,0.0
0.07235773068760165,0.04289049588732551,-0.9519166306086146,2022,12,12,0,0.0,0.0,0.0,1.0,0.0,0.0,0.0,0.0,1.0,0.0
-0.49251068798183917,-0.3193603139718434,-1.2931053870991576,2022,12,13,1,0.0,0.0,0.0,1.0,0.0,1.0,0.0,1.0,0.0,0.0
-1.1197600614944327,-1.5872381484789346,1.208945493831491,2022,12,14,2,0.0,1.0,0.0,0.0,0.0,0.0,0.0,0.0,0.0,0.0
0.6279768419168412,-0.17445999002817583,0.29910880985670957,2022,12,15,3,0.0,1.0,0.0,0.0,0.0,0.0,0.0,0.0,0.0,0.0
1.9145314826736826,1.0209676825070815,0.7540271518441003,2022,12,16,4,0.0,0.0,0.0,0.0,0.0,0.0,0.0,0.0,0.0,1.0
1.7798486806503961,0.4413663867324113,-1.7480237290865484,2022,12,17,5,0.0,0.0,0.0,0.0,0.0,0.0,0.0,0.0,0.0,1.0
-0.8658463701136037,-0.3555853949577603,-0.3832687031243764,2022,12,18,6,0.0,0.0,0.0,0.0,1.0,0.0,0.0,0.0,0.0,1.0
1.3838647533817041,1.6367940592676686,1.4364046648251867,2022,12,19,0,0.0,0.0,0.0,0.0,1.0,0.0,0.0,1.0,0.0,0.0
-0.7222418630387888,-1.3698876625634333,-0.6107278741180716,2022,12,20,1,0.0,0.0,1.0,0.0,0.0,1.0,0.0,0.0,0.0,1.0
2.830360340328521,1.6730191402535857,-0.15580953213068088,2022,12,21,2,0.0,0.0,0.0,0.0,1.0,0.0,0.0,0.0,0.0,0.0
1.5963476626750197,0.5138165487042451,-0.15580953213068088,2022,12,22,3,0.0,0.0,0.0,1.0,1.0,0.0,0.0,0.0,0.0,1.0
1.6586084966423253,0.33269114377466064,-1.17937580160231,2022,12,23,4,0.0,0.0,0.0,0.0,0.0,1.0,0.0,0.0,0.0,0.0
2.215614457983614,0.9122924395493309,-1.6342941435897005,2022,12,24,5,0.0,0.0,1.0,0.0,0.0,1.0,0.0,0.0,0.0,1.0
0.5870456534720538,0.15156573884507618,0.867756737340948,2022,12,25,6,1.0,0.0,0.0,0.0,0.0,0.0,1.0,1.0,0.0,0.0
-0.7093834692833731,-0.6816111238310123,-1.7480237290865484,2022,12,26,0,0.0,1.0,0.0,0.0,0.0,0.0,1.0,1.0,0.0,0.0
0.47285165084035874,0.9485175205352478,1.5501342503220337,2022,12,27,1,0.0,0.0,1.0,0.0,1.0,0.0,0.0,0.0,0.0,0.0
-0.043517964205948244,0.15156573884507618,0.18537922435986212,2022,12,28,2,0.0,0.0,0.0,1.0,0.0,0.0,0.0,0.0,1.0,0.0
1.303274565768143,1.7092442212395025,0.07164963886301434,2022,12,29,3,0.0,1.0,0.0,0.0,1.0,0.0,0.0,1.0,0.0,0.0
0.7906259678531804,0.15156573884507618,-0.7244574596149194,2022,12,30,4,0.0,0.0,0.0,0.0,0.0,0.0,1.0,0.0,0.0,1.0
1.5702049920589132,1.7816943832113363,0.7540271518441003,2022,12,31,5,1.0,0.0,0.0,0.0,0.0,0.0,0.0,1.0,0.0,0.0
-0.6941499582100781,0.40514130574649443,1.3226750793283388,2023,1,1,6,0.0,1.0,0.0,0.0,0.0,0.0,0.0,0.0,1.0,0.0
0.40356920567582805,-0.5367107998873447,-1.0656462161054623,2023,1,2,0,1.0,0.0,0.0,0.0,0.0,1.0,0.0,1.0,0.0,0.0
2.8465602784484014,1.7454693022254195,-0.15580953213068088,2023,1,3,1,0.0,0.0,1.0,0.0,0.0,0.0,1.0,0.0,0.0,0.0
-0.649055489409238,-0.9351866907324305,-1.520564558092853,2023,1,4,2,0.0,0.0,0.0,1.0,0.0,0.0,0.0,0.0,1.0,0.0
0.24243251076719569,0.0791155768732424,0.07164963886301434,2023,1,5,3,0.0,0.0,0.0,1.0,0.0,1.0,0.0,0.0,0.0,0.0
0.41442376482052695,1.7816943832113363,0.18537922435986212,2023,1,6,4,0.0,1.0,0.0,0.0,0.0,1.0,0.0,0.0,0.0,0.0
-0.8399876215676806,-1.478562905521184,-1.17937580160231,2023,1,7,5,0.0,1.0,0.0,0.0,0.0,0.0,0.0,0.0,0.0,1.0
-0.7089248259392308,0.36891622476057756,1.4364046648251867,2023,1,8,6,0.0,1.0,0.0,0.0,0.0,1.0,0.0,0.0,0.0,1.0
-0.7659713218868247,-1.2612124196056826,-0.838187045111767,2023,1,9,0,0.0,0.0,0.0,0.0,0.0,0.0,0.0,0.0,0.0,1.0
-0.30800502268119895,-0.3918104759436772,-0.3832687031243764,2023,1,10,1,0.0,0.0,0.0,1.0,0.0,1.0,0.0,1.0,0.0,0.0
1.6770224809056544,0.36891622476057756,-1.17937580160231,2023,1,11,2,1.0,0.0,0.0,0.0,0.0,1.0,0.0,0.0,0.0,1.0
-1.0066280366060194,-1.3698876625634333,0.5265679808504051,2023,1,12,3,0.0,0.0,0.0,0.0,0.0,1.0,0.0,0.0,0.0,0.0
1.851124040346021,0.4413663867324113,-0.9519166306086146,2023,1,13,4,0.0,0.0,1.0,0.0,0.0,1.0,0.0,0.0,1.0,0.0
0.34514677969580754,0.9847426015211647,-1.4068349725960054,2023,1,14,5,1.0,0.0,0.0,0.0,0.0,0.0,0.0,1.0,0.0,0.0
-0.9802014439197296,0.22401590081690997,0.5265679808504051,2023,1,15,6,0.0,0.0,0.0,0.0,0.0,0.0,1.0,0.0,1.0,0.0
-0.41963007658171647,-0.3918104759436772,0.9814863228377956,2023,1,16,0,1.0,0.0,0.0,0.0,0.0,1.0,0.0,0.0,0.0,0.0
-0.17479097136712984,1.202093087436666,0.29910880985670957,2023,1,17,1,0.0,0.0,1.0,0.0,0.0,0.0,0.0,0.0,1.0,0.0
-0.34836563696571393,-1.0438619336901813,-0.3832687031243764,2023,1,18,2,0.0,0.0,1.0,0.0,0.0,0.0,0.0,1.0,0.0,0.0
-0.23182654723510113,0.33269114377466064,-1.0656462161054623,2023,1,19,3,0.0,0.0,0.0,0.0,0.0,0.0,1.0,0.0,1.0,0.0
-0.04147863933645867,0.1153406578591593,-1.4068349725960054,2023,1,20,4,0.0,1.0,0.0,0.0,0.0,0.0,0.0,0.0,0.0,1.0
-0.9642253674321092,-1.3698876625634333,0.7540271518441003,2023,1,21,5,0.0,1.0,0.0,0.0,0.0,1.0,0.0,0.0,0.0,1.0
-0.24405703641222695,-0.9351866907324305,-1.2931053870991576,2023,1,22,6,1.0,0.0,0.0,0.0,0.0,0.0,0.0,1.0,0.0,0.0
-0.37948786388965006,-0.3193603139718434,0.4128383953535573,2023,1,23,0,0.0,0.0,0.0,0.0,0.0,1.0,0.0,0.0,0.0,1.0
-0.9966743840301711,-1.5510130674930178,1.3226750793283388,2023,1,24,1,0.0,0.0,0.0,0.0,0.0,1.0,0.0,0.0,0.0,1.0
-0.6607345145654309,-1.2249873386197656,-0.838187045111767,2023,1,25,2,1.0,0.0,0.0,0.0,0.0,0.0,0.0,0.0,0.0,0.0
1.183825274818152,0.8036171965915803,0.29910880985670957,2023,1,26,3,1.0,0.0,0.0,0.0,0.0,0.0,1.0,0.0,0.0,1.0
-0.2556541609712516,-0.8989616097465136,0.4128383953535573,2023,1,27,4,1.0,0.0,0.0,0.0,1.0,0.0,0.0,0.0,0.0,0.0
0.29188955137719824,1.7816943832113363,-0.496998288621224,2023,1,28,5,0.0,0.0,0.0,0.0,0.0,0.0,1.0,1.0,0.0,0.0
-0.02666009128881617,-0.029559666084508274,-0.9519166306086146,2023,1,29,6,0.0,0.0,0.0,1.0,0.0,1.0,0.0,0.0,1.0,0.0
0.05385365576738776,-0.7540612858028461,-1.4068349725960054,2023,1,30,0,1.0,0.0,0.0,0.0,0.0,1.0,0.0,0.0,1.0,0.0
0.5356775989281256,0.5138165487042451,1.3226750793283388,2023,1,31,1,0.0,0.0,0.0,1.0,0.0,1.0,0.0,1.0,0.0,0.0
-0.7307458750447591,1.3107683303944166,-0.04207994663383342,2023,2,1,2,0.0,0.0,0.0,0.0,0.0,0.0,1.0,1.0,0.0,0.0
-1.0830467538038107,-1.2974375005915995,0.07164963886301434,2023,2,2,3,0.0,0.0,0.0,1.0,0.0,1.0,0.0,0.0,0.0,0.0
-0.9220629400098925,1.0209676825070815,-1.2931053870991576,2023,2,3,4,0.0,0.0,0.0,1.0,0.0,0.0,0.0,0.0,1.0,0.0
-0.37260821372751685,-0.6816111238310123,0.07164963886301434,2023,2,4,5,0.0,0.0,0.0,1.0,0.0,0.0,0.0,0.0,0.0,0.0
0.3856821152542814,1.528118816309918,0.5265679808504051,2023,2,5,6,0.0,0.0,1.0,0.0,0.0,1.0,0.0,0.0,0.0,0.0
-0.9271080167954568,-0.9714117717183475,0.07164963886301434,2023,2,6,0,0.0,0.0,0.0,0.0,0.0,0.0,1.0,0.0,0.0,1.0
-0.8905475902195488,-0.13823490904225894,-0.838187045111767,2023,2,7,1,0.0,0.0,0.0,1.0,0.0,1.0,0.0,0.0,0.0,1.0
-0.011371979817408943,-0.2831352329859265,0.5265679808504051,2023,2,8,2,0.0,0.0,1.0,0.0,0.0,1.0,0.0,0.0,1.0,0.0
1.1765142815109324,1.1296429254648324,-1.0656462161054623,2023,2,9,3,0.0,0.0,1.0,0.0,0.0,0.0,0.0,0.0,1.0,0.0
0.37235961811491225,1.4918937353240012,-1.2931053870991576,2023,2,10,4,0.0,0.0,1.0,0.0,0.0,0.0,1.0,0.0,0.0,1.0
0.0671160924688335,-0.5004857189014279,1.208945493831491,2023,2,11,5,0.0,0.0,0.0,1.0,0.0,0.0,0.0,0.0,0.0,1.0
-0.9650443734037917,-1.1887622576338488,0.4128383953535573,2023,2,12,6,0.0,0.0,0.0,1.0,1.0,0.0,0.0,1.0,0.0,0.0
1.4327266496522837,0.9485175205352478,0.18537922435986212,2023,2,13,0,0.0,0.0,1.0,0.0,0.0,0.0,1.0,0.0,0.0,0.0
0.24983632475120598,-0.6816111238310123,-0.3832687031243764,2023,2,14,1,1.0,0.0,0.0,0.0,0.0,0.0,1.0,1.0,0.0,0.0
-0.33305022529525063,0.04289049588732551,-1.6342941435897005,2023,2,15,2,0.0,0.0,0.0,1.0,0.0,1.0,0.0,0.0,1.0,0.0
-0.3536891757816504,0.7311670346197464,-1.520564558092853,2023,2,16,3,1.0,0.0,0.0,0.0,1.0,0.0,0.0,0.0,0.0,1.0
-1.0238817624094647,-0.6816111238310123,-1.520564558092853,2023,2,17,4,0.0,1.0,0.0,0.0,0.0,0.0,0.0,0.0,0.0,1.0
0.6235323695105105,-0.17445999002817583,-0.26953911762752863,2023,2,18,5,0.0,0.0,0.0,1.0,1.0,0.0,0.0,0.0,0.0,0.0
-0.19838107337149227,0.5138165487042451,-0.7244574596149194,2023,2,19,6,0.0,0.0,0.0,1.0,0.0,1.0,0.0,0.0,0.0,0.0
0.8644184059017763,0.36891622476057756,0.5265679808504051,2023,2,20,0,0.0,0.0,0.0,0.0,1.0,0.0,0.0,0.0,0.0,0.0
-0.42211712471572577,0.876067358563414,-0.04207994663383342,2023,2,21,1,0.0,0.0,0.0,1.0,0.0,1.0,0.0,0.0,0.0,1.0
-0.62420684822839,-0.8989616097465136,-1.17937580160231,2023,2,22,2,1.0,0.0,0.0,0.0,0.0,0.0,1.0,0.0,0.0,0.0
0.9008314114027817,0.6224917916619958,1.5501342503220337,2023,2,23,3,0.0,0.0,0.0,1.0,0.0,1.0,0.0,0.0,1.0,0.0
-0.2761020100642588,0.7673921156056633,-1.4068349725960054,2023,2,24,4,0.0,0.0,0.0,0.0,0.0,0.0,0.0,0.0,0.0,0.0
-0.8312515578697336,-1.0076368527042643,-0.3832687031243764,2023,2,25,5,0.0,0.0,0.0,0.0,0.0,0.0,1.0,0.0,0.0,1.0
-0.826676044507934,-0.06578474707042517,0.29910880985670957,2023,2,26,6,0.0,0.0,0.0,0.0,0.0,0.0,1.0,0.0,1.0,0.0
0.16159662136213013,-0.21068507101409273,-1.520564558092853,2023,2,27,0,0.0,1.0,0.0,0.0,0.0,1.0,0.0,0.0,0.0,0.0
-0.15167316280643756,-0.029559666084508274,1.5501342503220337,2023,2,28,1,1.0,0.0,0.0,0.0,0.0,0.0,1.0,0.0,1.0,0.0
-0.9783668705431607,-1.1887622576338488,-0.496998288621224,2023,3,1,2,0.0,1.0,0.0,0.0,1.0,0.0,0.0,0.0,0.0,0.0
1.2675003849250503,0.5138165487042451,1.4364046648251867,2023,3,2,3,0.0,0.0,0.0,1.0,0.0,1.0,0.0,0.0,1.0,0.0
-0.9238975133864614,-1.0076368527042643,1.5501342503220337,2023,3,3,4,0.0,1.0,0.0,0.0,1.0,0.0,0.0,0.0,1.0,0.0
0.0175744212417572,0.0791155768732424,-1.4068349725960054,2023,3,4,5,0.0,0.0,0.0,0.0,0.0,0.0,1.0,0.0,0.0,0.0
1.8712279069309212,1.564343897295835,0.867756737340948,2023,3,5,6,1.0,0.0,0.0,0.0,0.0,1.0,0.0,1.0,0.0,0.0
1.1732382576242022,1.3107683303944166,0.5265679808504051,2023,3,6,0,0.0,0.0,0.0,1.0,0.0,0.0,0.0,0.0,1.0,0.0
-0.5996366690779141,1.2745432494084998,1.0952159083346433,2023,3,7,1,1.0,0.0,0.0,0.0,0.0,0.0,0.0,1.0,0.0,0.0
1.8489727846604018,1.3469934113803337,-0.04207994663383342,2023,3,8,2,0.0,0.0,0.0,0.0,0.0,1.0,0.0,0.0,1.0,0.0
0.23624082562127593,0.5138165487042451,1.6638638358188815,2023,3,9,3,0.0,0.0,0.0,1.0,0.0,0.0,0.0,0.0,1.0,0.0
-1.0303519095857565,-0.6816111238310123,-1.6342941435897005,2023,3,10,4,0.0,0.0,1.0,0.0,1.0,0.0,0.0,0.0,0.0,1.0
-0.5554103466070575,-1.0438619336901813,1.4364046648251867,2023,3,11,5,0.0,0.0,0.0,1.0,0.0,1.0,0.0,0.0,0.0,0.0
-0.20553099550428078,-0.6816111238310123,0.18537922435986212,2023,3,12,6,0.0,1.0,0.0,0.0,0.0,0.0,0.0,0.0,1.0,0.0
-1.1089273425089785,-1.116312095662015,-1.2931053870991576,2023,3,13,0,0.0,0.0,1.0,0.0,0.0,0.0,0.0,1.0,0.0,0.0
-0.9141841025623065,-1.2974375005915995,-1.0656462161054623,2023,3,14,1,1.0,0.0,0.0,0.0,0.0,1.0,0.0,0.0,0.0,0.0
-0.05752023630181388,0.5138165487042451,1.4364046648251867,2023,3,15,2,0.0,0.0,0.0,1.0,0.0,0.0,0.0,0.0,0.0,0.0
2.3356152129545387,1.8179194641972531,1.208945493831491,2023,3,16,3,0.0,0.0,1.0,0.0,0.0,1.0,0.0,1.0,0.0,0.0
-0.6193583328760294,-0.9714117717183475,0.07164963886301434,2023,3,17,4,0.0,0.0,1.0,0.0,0.0,1.0,0.0,0.0,0.0,0.0
-0.44599114879027146,-1.0076368527042643,0.5265679808504051,2023,3,18,5,0.0,0.0,0.0,0.0,0.0,0.0,0.0,1.0,0.0,0.0
0.9192372056063938,0.550041629690162,-0.15580953213068088,2023,3,19,6,0.0,0.0,0.0,1.0,0.0,1.0,0.0,0.0,0.0,0.0
0.6208132696845244,-0.2831352329859265,0.07164963886301434,2023,3,20,0,0.0,0.0,1.0,0.0,0.0,1.0,0.0,0.0,0.0,1.0
-0.6000953124220563,1.528118816309918,-1.520564558092853,2023,3,21,1,1.0,0.0,0.0,0.0,1.0,0.0,0.0,0.0,0.0,1.0
-0.9155108922364322,-1.478562905521184,0.9814863228377956,2023,3,22,2,0.0,0.0,0.0,0.0,1.0,0.0,0.0,0.0,0.0,1.0
-1.09042599760867,-1.152537176647932,0.4128383953535573,2023,3,23,3,0.0,0.0,0.0,0.0,0.0,1.0,0.0,1.0,0.0,0.0
-0.5896557163030097,-0.10200982805634205,1.208945493831491,2023,3,24,4,0.0,0.0,0.0,0.0,0.0,0.0,1.0,0.0,0.0,0.0
-0.9910123227459391,-0.10200982805634205,1.6638638358188815,2023,3,25,5,0.0,0.0,1.0,0.0,0.0,0.0,0.0,1.0,0.0,0.0
-0.7555754060862677,-1.152537176647932,-0.3832687031243764,2023,3,26,6,1.0,0.0,0.0,0.0,0.0,1.0,0.0,1.0,0.0,0.0
-0.7383216802828225,-0.21068507101409273,-1.7480237290865484,2023,3,27,0,0.0,0.0,0.0,1.0,0.0,0.0,0.0,0.0,0.0,1.0
0.05650177507582789,0.6224917916619958,-1.4068349725960054,2023,3,28,1,0.0,0.0,1.0,0.0,0.0,1.0,0.0,0.0,0.0,0.0
0.612464868813174,0.4413663867324113,0.18537922435986212,2023,3,29,2,0.0,0.0,1.0,0.0,0.0,0.0,1.0,0.0,0.0,1.0
-0.7691818252958202,-1.2612124196056826,-1.4068349725960054,2023,3,30,3,0.0,0.0,0.0,1.0,1.0,0.0,0.0,1.0,0.0,0.0
2.3010204007106685,1.4194435733521673,0.7540271518441003,2023,3,31,4,0.0,0.0,0.0,0.0,1.0,0.0,0.0,0.0,0.0,1.0
-0.9723990470295008,-1.5147879865071008,-0.15580953213068088,2023,4,1,5,0.0,0.0,0.0,0.0,0.0,1.0,0.0,1.0,0.0,0.0
-0.11975377007006373,-0.5367107998873447,1.208945493831491,2023,4,2,6,1.0,0.0,0.0,0.0,0.0,1.0,0.0,1.0,0.0,0.0
1.548943597034035,0.6224917916619958,0.29910880985670957,2023,4,3,0,0.0,0.0,0.0,0.0,0.0,0.0,1.0,0.0,0.0,0.0
-0.05681589116616693,0.7311670346197464,1.3226750793283388,2023,4,4,1,0.0,1.0,0.0,0.0,0.0,1.0,0.0,1.0,0.0,0.0
-0.7416413844880423,-1.0800870146760981,-0.3832687031243764,2023,4,5,2,0.0,0.0,0.0,1.0,1.0,0.0,0.0,0.0,0.0,0.0
-0.3435171216133534,0.8398422775774971,-0.9519166306086146,2023,4,6,3,1.0,0.0,0.0,0.0,0.0,1.0,0.0,0.0,0.0,1.0
0.9868870988673705,0.5862667106760788,-0.838187045111767,2023,4,7,4,0.0,0.0,1.0,0.0,0.0,0.0,1.0,1.0,0.0,0.0
-0.15167316280643756,0.9122924395493309,1.5501342503220337,2023,4,8,5,1.0,0.0,0.0,0.0,0.0,0.0,1.0,0.0,0.0,0.0
-0.38969813833662564,0.04289049588732551,0.29910880985670957,2023,4,9,6,0.0,0.0,1.0,0.0,0.0,1.0,0.0,0.0,0.0,0.0
-0.24017494810645182,1.1658680064507492,1.6638638358188815,2023,4,10,0,1.0,0.0,0.0,0.0,0.0,1.0,0.0,1.0,0.0,0.0
-0.8655187677249306,-1.478562905521184,-0.9519166306086146,2023,4,11,1,0.0,0.0,0.0,1.0,0.0,0.0,1.0,1.0,0.0,0.0
1.5182636333348072,1.7454693022254195,0.4128383953535573,2023,4,12,2,0.0,0.0,0.0,0.0,0.0,0.0,1.0,0.0,0.0,0.0
0.20695317207390873,1.0571927634929985,-1.6342941435897005,2023,4,13,3,0.0,0.0,1.0,0.0,1.0,0.0,0.0,0.0,1.0,0.0
-0.8795401499601355,1.6367940592676686,-1.6342941435897005,2023,4,14,4,0.0,1.0,0.0,0.0,1.0,0.0,0.0,0.0,0.0,1.0
-1.0536935797787086,-1.4061127435493501,0.9814863228377956,2023,4,15,5,0.0,0.0,1.0,0.0,1.0,0.0,0.0,0.0,0.0,1.0
-0.9488280551644775,0.0791155768732424,-1.0656462161054623,2023,4,16,6,0.0,0.0,0.0,0.0,0.0,0.0,1.0,0.0,0.0,0.0
-0.8633565919596887,-0.8989616097465136,1.6638638358188815,2023,4,17,0,0.0,0.0,0.0,0.0,0.0,0.0,1.0,0.0,1.0,0.0
-0.6023311987247496,-0.3555853949577603,0.867756737340948,2023,4,18,1,0.0,1.0,0.0,0.0,0.0,1.0,0.0,1.0,0.0,0.0
-0.2639670715838292,-1.0076368527042643,-1.17937580160231,2023,4,19,2,0.0,0.0,0.0,1.0,0.0,0.0,1.0,1.0,0.0,0.0
-0.761423108724081,-1.152537176647932,-0.9519166306086146,2023,4,20,3,1.0,0.0,0.0,0.0,0.0,1.0,0.0,0.0,1.0,0.0
0.5035916749775098,1.0209676825070815,1.3226750793283388,2023,4,21,4,0.0,1.0,0.0,0.0,0.0,0.0,1.0,1.0,0.0,0.0
-0.9541024536221131,-1.2249873386197656,1.208945493831491,2023,4,22,5,0.0,0.0,0.0,1.0,1.0,0.0,0.0,0.0,0.0,1.0
2.4669182503346816,1.7092442212395025,-0.15580953213068088,2023,4,23,6,0.0,0.0,1.0,0.0,1.0,0.0,0.0,0.0,0.0,0.0
-0.12494080789071975,1.1296429254648324,-1.6342941435897005,2023,4,24,0,1.0,0.0,0.0,0.0,0.0,0.0,0.0,0.0,0.0,1.0
0.10354001804946124,-0.7178362048169292,0.18537922435986212,2023,4,25,1,0.0,0.0,1.0,0.0,0.0,1.0,0.0,0.0,0.0,1.0
-0.098383174248961,1.564343897295835,-0.838187045111767,2023,4,26,2,0.0,0.0,0.0,0.0,0.0,0.0,0.0,0.0,0.0,0.0
1.8479353770962703,0.9847426015211647,0.6402975663472525,2023,4,27,3,0.0,0.0,0.0,0.0,0.0,0.0,1.0,1.0,0.0,0.0
-0.19282002282376792,1.6367940592676686,0.07164963886301434,2023,4,28,4,0.0,1.0,0.0,0.0,0.0,1.0,0.0,1.0,0.0,0.0
-0.5573322806206058,0.550041629690162,-1.4068349725960054,2023,4,29,5,0.0,0.0,0.0,1.0,0.0,0.0,1.0,0.0,0.0,0.0
0.531492478412828,0.876067358563414,1.6638638358188815,2023,4,30,6,1.0,0.0,0.0,0.0,1.0,0.0,0.0,0.0,0.0,0.0
-0.5532918511603053,-0.17445999002817583,1.208945493831491,2023,5,1,0,0.0,0.0,0.0,1.0,0.0,1.0,0.0,0.0,0.0,1.0
0.2847696594633715,1.7454693022254195,1.3226750793283388,2023,5,2,1,1.0,0.0,0.0,0.0,1.0,0.0,0.0,0.0,0.0,1.0
-0.5423062510601371,0.40514130574649443,0.5265679808504051,2023,5,3,2,0.0,1.0,0.0,0.0,1.0,0.0,0.0,0.0,0.0,1.0
-0.3783412555292946,1.6730191402535857,1.208945493831491,2023,5,4,3,0.0,0.0,0.0,0.0,0.0,0.0,1.0,0.0,0.0,0.0
-0.9803106447159541,-1.4061127435493501,0.07164963886301434,2023,5,5,4,1.0,0.0,0.0,0.0,1.0,0.0,0.0,1.0,0.0,0.0
-0.42476251400426035,-0.17445999002817583,-0.9519166306086146,2023,5,6,5,0.0,1.0,0.0,0.0,1.0,0.0,0.0,1.0,0.0,0.0
-0.8249452118877781,0.5138165487042451,-1.17937580160231,2023,5,7,6,0.0,0.0,0.0,1.0,1.0,0.0,0.0,0.0,1.0,0.0
0.7072484299159932,0.006665414901408618,0.6402975663472525,2023,5,8,0,0.0,0.0,1.0,0.0,0.0,0.0,1.0,1.0,0.0,0.0
1.6622421531366902,0.6587168726479127,0.6402975663472525,2023,5,9,1,1.0,0.0,0.0,0.0,1.0,0.0,0.0,1.0,0.0,0.0
-1.0644061778883163,-1.3698876625634333,1.208945493831491,2023,5,10,2,0.0,0.0,1.0,0.0,0.0,0.0,0.0,1.0,0.0,0.0
-0.6021482873910738,0.4775914677183282,-0.15580953213068088,2023,5,11,3,1.0,0.0,0.0,0.0,1.0,0.0,0.0,0.0,0.0,1.0
0.06130115006988749,-0.790286366788763,-1.7480237290865484,2023,5,12,4,0.0,1.0,0.0,0.0,0.0,0.0,0.0,0.0,0.0,0.0
0.854721375197055,0.29646606278874377,0.7540271518441003,2023,5,13,5,0.0,0.0,1.0,0.0,0.0,0.0,1.0,0.0,0.0,1.0
0.3299351087817573,1.3469934113803337,1.0952159083346433,2023,5,14,6,1.0,0.0,0.0,0.0,0.0,1.0,0.0,0.0,0.0,1.0
-0.6484275848309481,1.7454693022254195,-0.838187045111767,2023,5,15,0,1.0,0.0,0.0,0.0,0.0,0.0,1.0,1.0,0.0,0.0
